Locations,Minimum aspect ratio,5th percentile aspect ratio,50th percentile aspect ratio,95th percentile aspect ratio,Maximum aspect ratio
"Calgary, AB",1.002794,1.061818,1.915125,4.446386,6.639721
"Vancouver, BC",1.000110,1.033613,1.544097,3.052524,8.324317
"Winnipeg, MB",1.000227,1.050615,1.972069,4.099009,7.743981
"Saint John, NB",1.005446,1.067729,2.210431,4.426035,6.872545
"St. John’s, NL",1.012016,1.066866,2.344987,3.722299,4.148724
"Yellowknife, NT",1.000908,1.232699,2.655473,3.872107,4.474270
"Halifax, NS",1.000464,1.057216,2.002430,4.153938,8.711410
"Iqaluit, NU",2.274074,2.284948,2.759895,4.905600,5.211314
"Toronto, ON",1.000004,1.048488,1.919802,4.186207,9.120122
"Charlottetown, PE",1.260947,1.303547,2.466829,5.617200,5.956155
"Montreal, QC",0.000000,0.000000,0.000000,0.000000,0.000000
"Saskatoon, SK",0.000000,0.000000,0.000000,0.000000,0.000000
"Whitehorse, YT",0.000000,0.000000,0.000000,0.000000,0.000000
All,1.000004,1.042830,1.778894,3.911189,9.120122
