Locations,Minimum average depth (m),5th percentile average depth (m),50th percentile average depth (m),95th percentile average depth (m),Maximum average depth (m)
"Calgary, AB",0.000000,0.000000,0.000000,0.000000,0.000000
"Vancouver, BC",0.000000,0.000000,0.000000,0.000000,0.000000
"Winnipeg, MB",0.000000,0.000000,0.000000,0.000000,0.000000
"Saint John, NB",0.000000,0.000000,0.000000,0.000000,0.000000
"St. John’s, NL",0.000000,0.000000,0.000000,0.000000,0.000000
"Yellowknife, NT",0.000000,0.000000,0.000000,0.000000,0.000000
"Halifax, NS",0.000000,0.000000,0.000000,0.000000,0.000000
"Iqaluit, NU",0.000000,0.000000,0.000000,0.000000,0.000000
"Toronto, ON",0.000000,0.000000,0.000000,0.000000,0.000000
"Charlottetown, PE",0.000000,0.000000,0.000000,0.000000,0.000000
"Montreal, QC",0.000000,0.000000,0.000000,0.000000,0.000000
"Saskatoon, SK",0.000000,0.000000,0.000000,0.000000,0.000000
"Whitehorse, YT",0.000000,0.000000,0.000000,0.000000,0.000000
All,0.000000,0.000000,0.000000,0.000000,0.000000
