Locations,Minimum Building height (m),5th percentile Building height (m),50th percentile Building height (m),95th percentile Building height (m),Maximum Building height (m)
"Calgary, AB",15.000000,15.000000,15.000000,15.000000,15.000000
"Vancouver, BC",4.000000,7.889500,23.750000,92.500000,125.000000
"Winnipeg, MB",11.000000,12.920000,55.600000,100.600000,141.700000
"Saint John, NB",0.000000,0.000000,0.000000,0.000000,0.000000
"St. John’s, NL",0.000000,0.000000,0.000000,0.000000,0.000000
"Yellowknife, NT",0.000000,0.000000,0.000000,0.000000,0.000000
"Halifax, NS",0.000000,0.000000,0.000000,0.000000,0.000000
"Iqaluit, NU",0.000000,0.000000,0.000000,0.000000,0.000000
"Toronto, ON",6.200000,10.050000,96.000000,181.840000,202.000000
"Charlottetown, PE",0.000000,0.000000,0.000000,0.000000,0.000000
"Montreal, QC",0.000000,0.000000,0.000000,0.000000,0.000000
"Saskatoon, SK",0.000000,0.000000,0.000000,0.000000,0.000000
"Whitehorse, YT",0.000000,0.000000,0.000000,0.000000,0.000000
All,4.000000,8.600000,30.000000,135.580000,202.000000
