Locations,Minimum Number of floors,5th percentile Number of floors,50th percentile Number of floors,95th percentile Number of floors,Maximum Number of floors
"Calgary, AB",4.000000,4.000000,4.000000,4.000000,4.000000
"Vancouver, BC",1.000000,2.000000,7.000000,29.000000,43.000000
"Winnipeg, MB",3.000000,3.300000,18.500000,36.800000,42.000000
"Saint John, NB",0.000000,0.000000,0.000000,0.000000,0.000000
"St. John’s, NL",0.000000,0.000000,0.000000,0.000000,0.000000
"Yellowknife, NT",0.000000,0.000000,0.000000,0.000000,0.000000
"Halifax, NS",0.000000,0.000000,0.000000,0.000000,0.000000
"Iqaluit, NU",0.000000,0.000000,0.000000,0.000000,0.000000
"Toronto, ON",2.000000,3.200000,29.000000,55.000000,60.000000
"Charlottetown, PE",0.000000,0.000000,0.000000,0.000000,0.000000
"Montreal, QC",0.000000,0.000000,0.000000,0.000000,0.000000
"Saskatoon, SK",0.000000,0.000000,0.000000,0.000000,0.000000
"Whitehorse, YT",0.000000,0.000000,0.000000,0.000000,0.000000
All,1.000000,2.600000,10.000000,43.000000,60.000000
