Locations,Minimum Floor height (m),5th percentile Floor height (m),50th percentile Floor height (m),95th percentile Floor height (m),Maximum Floor height (m)
"Calgary, AB",3.750000,3.750000,3.750000,3.750000,3.750000
"Vancouver, BC",2.000000,2.725341,3.201667,4.283333,5.610000
"Winnipeg, MB",2.100000,2.731725,3.256818,4.333333,4.500000
"Saint John, NB",0.000000,0.000000,0.000000,0.000000,0.000000
"St. John’s, NL",0.000000,0.000000,0.000000,0.000000,0.000000
"Yellowknife, NT",0.000000,0.000000,0.000000,0.000000,0.000000
"Halifax, NS",0.000000,0.000000,0.000000,0.000000,0.000000
"Iqaluit, NU",0.000000,0.000000,0.000000,0.000000,0.000000
"Toronto, ON",2.825000,2.866294,3.172414,3.835348,5.000000
"Charlottetown, PE",0.000000,0.000000,0.000000,0.000000,0.000000
"Montreal, QC",0.000000,0.000000,0.000000,0.000000,0.000000
"Saskatoon, SK",0.000000,0.000000,0.000000,0.000000,0.000000
"Whitehorse, YT",0.000000,0.000000,0.000000,0.000000,0.000000
All,2.000000,2.726364,3.240909,4.333333,5.610000
