city,Possible MURBs,Likely MURBs,Part 3 MURBs,Minimum footprint area (m2),5th percentile footprint area (m2),50th percentile footprint area (m2),95th percentile footprint area (m2),Maximum footprint area (m2)
Calgary,11036,262,141,246.127048,762.951312,2023.687378,5773.301470,14424.326146
Charlottetown,2115,54,28,618.869795,660.578675,1266.019404,2275.958226,3126.684211
Halifax,1802,1296,383,147.840299,495.919116,1520.461093,3741.382405,7235.952338
Iqaluit,8,7,4,808.876071,818.179561,881.409609,932.293572,939.418340
Ottawa,5086,3459,1527,55.903112,234.467290,946.477322,2591.669368,9778.993895
Saintjohn,780,237,52,165.743963,605.612028,1143.257980,2153.146844,3079.650812
Stjohns,245,116,68,339.703438,612.292272,1174.316523,2648.064082,4190.318409
Vancouver,6960,3892,2388,134.322835,301.089104,850.794627,2315.018498,8431.376268
Winnipeg,3374,2409,1018,188.757687,475.350262,1038.051957,2861.127326,7204.410826
Yellowknife,3724,100,48,506.789090,527.903612,946.203236,1650.619053,2910.033636
