Locations,Minimum footprint area (m2),5th percentile footprint area (m2),50th percentile footprint area (m2),95th percentile footprint area (m2),Maximum footprint area (m2)
"Calgary, AB",246.127048,762.951312,2023.687378,5773.301470,14424.326146
"Vancouver, BC",134.322835,301.089104,850.794627,2315.018498,8431.376268
"Winnipeg, MB",188.757687,475.350262,1038.051957,2861.127326,7204.410826
"Saint John, NB",165.743963,605.612028,1143.257980,2153.146844,3079.650812
"St. John’s, NL",339.703438,612.292272,1174.316523,2648.064082,4190.318409
"Yellowknife, NT",506.789090,527.903612,946.203236,1650.619053,2910.033636
"Halifax, NS",147.840299,495.919116,1520.461093,3741.382405,7235.952338
"Iqaluit, NU",808.876071,818.179561,881.409609,932.293572,939.418340
"Toronto, ON",103.477105,473.981492,1113.068596,2998.165712,12893.802315
"Charlottetown, PE",618.869795,660.578675,1266.019404,2275.958226,3126.684211
"Montreal, QC",0.000000,0.000000,0.000000,0.000000,0.000000
"Saskatoon, SK",0.000000,0.000000,0.000000,0.000000,0.000000
"Whitehorse, YT",0.000000,0.000000,0.000000,0.000000,0.000000
All,103.477105,385.757868,1017.565199,2909.704139,14424.326146
