Locations,Floor height (m) Minimum,Floor height (m) 5th percentile,Floor height (m) 50th percentile,Floor height (m) 95th percentile,Floor height (m) Maximum,Number of floors Minimum,Number of floors 5th percentile,Number of floors 50th percentile,Number of floors 95th percentile,Number of floors Maximum,Building height (m) Minimum,Building height (m) 5th percentile,Building height (m) 50th percentile,Building height (m) 95th percentile,Building height (m) Maximum
"Calgary, AB",3.750000,3.750000,3.750000,3.750000,3.750000,4.000000,4.000000,4.000000,4.000000,4.000000,15.000000,15.000000,15.000000,15.000000,15.000000
"Vancouver, BC",2.000000,2.725341,3.201667,4.283333,5.610000,1.000000,2.000000,7.000000,29.000000,43.000000,4.000000,7.889500,23.750000,92.500000,125.000000
"Winnipeg, MB",2.100000,2.731725,3.256818,4.333333,4.500000,3.000000,3.300000,18.500000,36.800000,42.000000,11.000000,12.920000,55.600000,100.600000,141.700000
"Saint John, NB",0.000000,0.000000,0.000000,0.000000,0.000000,0.000000,0.000000,0.000000,0.000000,0.000000,0.000000,0.000000,0.000000,0.000000,0.000000
"St. John’s, NL",0.000000,0.000000,0.000000,0.000000,0.000000,0.000000,0.000000,0.000000,0.000000,0.000000,0.000000,0.000000,0.000000,0.000000,0.000000
"Yellowknife, NT",0.000000,0.000000,0.000000,0.000000,0.000000,0.000000,0.000000,0.000000,0.000000,0.000000,0.000000,0.000000,0.000000,0.000000,0.000000
"Halifax, NS",0.000000,0.000000,0.000000,0.000000,0.000000,0.000000,0.000000,0.000000,0.000000,0.000000,0.000000,0.000000,0.000000,0.000000,0.000000
"Iqaluit, NU",0.000000,0.000000,0.000000,0.000000,0.000000,0.000000,0.000000,0.000000,0.000000,0.000000,0.000000,0.000000,0.000000,0.000000,0.000000
"Toronto, ON",2.825000,2.866294,3.172414,3.835348,5.000000,2.000000,3.200000,29.000000,55.000000,60.000000,6.200000,10.050000,96.000000,181.840000,202.000000
"Charlottetown, PE",0.000000,0.000000,0.000000,0.000000,0.000000,0.000000,0.000000,0.000000,0.000000,0.000000,0.000000,0.000000,0.000000,0.000000,0.000000
"Montreal, QC",0.000000,0.000000,0.000000,0.000000,0.000000,0.000000,0.000000,0.000000,0.000000,0.000000,0.000000,0.000000,0.000000,0.000000,0.000000
"Saskatoon, SK",0.000000,0.000000,0.000000,0.000000,0.000000,0.000000,0.000000,0.000000,0.000000,0.000000,0.000000,0.000000,0.000000,0.000000,0.000000
"Whitehorse, YT",0.000000,0.000000,0.000000,0.000000,0.000000,0.000000,0.000000,0.000000,0.000000,0.000000,0.000000,0.000000,0.000000,0.000000,0.000000
All,2.000000,2.726364,3.240909,4.333333,5.610000,1.000000,2.600000,10.000000,43.000000,60.000000,4.000000,8.600000,30.000000,135.580000,202.000000
