Locations,Minimum length (m),5th percentile length (m),50th percentile length (m),95th percentile length (m),Maximum length (m)
"Calgary, AB",19.612602,35.237774,79.548765,158.973009,307.447723
"Vancouver, BC",11.806346,21.400285,38.371045,83.418071,188.031315
"Winnipeg, MB",15.018760,27.732932,50.792609,101.643666,201.015575
"Saint John, NB",12.929271,27.304596,57.183057,102.686981,126.458727
"St. John’s, NL",21.925717,34.890278,55.830583,98.050679,123.292044
"Yellowknife, NT",24.947560,29.555585,55.911368,85.088082,105.215698
"Halifax, NS",16.542398,28.786209,62.000925,118.646456,250.098959
"Iqaluit, NU",42.900553,43.329892,51.323711,66.188852,67.830778
"Toronto, ON",13.595229,28.690302,52.430371,98.235244,213.419666
"Charlottetown, PE",42.887226,47.598100,61.697301,91.924644,97.208601
"Montreal, QC",0.000000,0.000000,0.000000,0.000000,0.000000
"Saskatoon, SK",0.000000,0.000000,0.000000,0.000000,0.000000
"Whitehorse, YT",0.000000,0.000000,0.000000,0.000000,0.000000
All,11.806346,24.870089,47.084264,98.686919,307.447723
