Locations,Minimum rectangularity,5th percentile rectangularity,50th percentile rectangularity,95th percentile rectangularity,Maximum rectangularity
"Calgary, AB",0.267057,0.387409,0.684553,0.984218,0.999909
"Vancouver, BC",0.290278,0.593937,0.892921,0.999791,0.999999
"Winnipeg, MB",0.261438,0.503714,0.873639,0.999717,0.999990
"Saint John, NB",0.284369,0.605940,0.906497,0.999495,0.999866
"St. John’s, NL",0.324998,0.423451,0.825684,0.999025,1.000005
"Yellowknife, NT",0.549840,0.652419,0.915912,0.999456,0.999997
"Halifax, NS",0.355052,0.513855,0.823557,0.998970,0.999859
"Iqaluit, NU",0.921235,0.931012,0.992903,0.999440,0.999449
"Toronto, ON",0.296647,0.509533,0.859990,0.999335,0.999901
"Charlottetown, PE",0.467407,0.493227,0.876239,0.998887,0.998920
"Montreal, QC",0.000000,0.000000,0.000000,0.000000,0.000000
"Saskatoon, SK",0.000000,0.000000,0.000000,0.000000,0.000000
"Whitehorse, YT",0.000000,0.000000,0.000000,0.000000,0.000000
All,0.261438,0.523661,0.873324,0.999581,1.000005
