Locations,Minimum width (m),5th percentile width (m),50th percentile width (m),95th percentile width (m),Maximum width (m)
"Calgary, AB",10.448301,17.802957,34.710439,93.158983,130.731120
"Vancouver, BC",7.082192,14.368166,25.048478,42.790295,108.956833
"Winnipeg, MB",8.627158,14.963158,23.787006,57.964791,119.533731
"Saint John, NB",12.852035,15.840951,21.727148,44.335414,85.638899
"St. John’s, NL",13.088689,13.951675,22.894533,59.498142,78.751560
"Yellowknife, NT",13.661326,15.673655,22.286511,31.002733,42.920938
"Halifax, NS",8.251415,15.704937,30.231308,58.951841,102.580671
"Iqaluit, NU",13.016061,13.752618,18.395753,19.406486,19.502031
"Toronto, ON",5.849243,14.259605,26.155119,57.693960,157.380939
"Charlottetown, PE",11.294495,11.538799,23.074787,57.079330,67.015448
"Montreal, QC",0.000000,0.000000,0.000000,0.000000,0.000000
"Saskatoon, SK",0.000000,0.000000,0.000000,0.000000,0.000000
"Whitehorse, YT",0.000000,0.000000,0.000000,0.000000,0.000000
All,5.849243,14.521318,25.376716,56.418943,157.380939
